Gluten,SV,Moisture,ABC,Water
10.58,24.5,10.5,6.2,13.0
10.98,25.0,11.2,7.0,15.0
11.59,26.0,14.0,6.5,14.3
11.99,24.23,13.0,7.1,15.2
12.0,25.55,12.2,5.8,13.4
12.3,25.65,11.5,6.3,12.98
11.67,24.44,13.1,5.45,15.7
12.1,25.3,12.4,6.3,15.32
10.95,24.7,14.0,6.5,13.5
10.87,25.5,13.5,7.0,14.6
11.5,24.0,12.3,5.88023491,14.55813027
12.0,24.0,14.6,7.0,16.0
12.0,25.0,10.0,5.973042274421567,13.678767903585056
12.5,24.3,10.9,6.0,15.0
